{
  "coef": 11.688893344831635,
  "intercept": -9.13193045705631
}