{
  "Age": 41.428975,
  "Gender": 0.5002875,
  "Family History": 0.500775,
  "Personal History": 0.4989875,
  "Current Stressors": 1.0006875,
  "Symptoms": 1.999925,
  "Severity": 1.0003875,
  "Impact on Life": 0.9966375,
  "Demographics": 0.50005,
  "Medical History": 1.50265,
  "Psychiatric History": 1.496875,
  "Substance Use": 1.0007125,
  "Coping Mechanisms": 1.5052125,
  "Social Support": 0.9999625,
  "Lifestyle Factors": 0.9982125
}