{
  "Age": 13.845198823035346,
  "Gender": 0.4999999173436325,
  "Family History": 0.49999939937459836,
  "Personal History": 0.4999989748427055,
  "Current Stressors": 0.8165549750892436,
  "Symptoms": 1.4123473348921443,
  "Severity": 0.8178247671984997,
  "Impact on Life": 0.8166707987888754,
  "Demographics": 0.49999999750023233,
  "Medical History": 1.1194833529355694,
  "Psychiatric History": 1.1172467204580219,
  "Substance Use": 0.8168916649980984,
  "Coping Mechanisms": 1.1183013144238916,
  "Social Support": 0.8172132516022867,
  "Lifestyle Factors": 0.813916030585505
}